disease_slug,specialty_slug,note
acne,dermatology,
aids,infectious-disease,
alcoholic-hepatitis,hepatology,
allergy,immunology,
arthritis,rheumatology,
bronchial-asthma,pulmonology,
cervical-spondylosis,orthopaedics,Neurology if there is arm weakness or numbness
chickenpox,infectious-disease,
chronic-cholestasis,hepatology,
common-cold,general-practice,Self-limiting; GP only if prolonged or complicated
dengue,infectious-disease,
diabetes,endocrinology,
drug-reaction,immunology,
fungal-infection,dermatology,
gastroenteritis,gastroenterology,
gerd,gastroenterology,
heart-attack,emergency-medicine,Emergency first; cardiology follows
hemorrhoids,general-surgery,
hepatitis-a,hepatology,
hepatitis-b,hepatology,
hepatitis-c,hepatology,
hepatitis-d,hepatology,
hepatitis-e,hepatology,
hypertension,cardiology,
hyperthyroidism,endocrinology,
hypoglycemia,endocrinology,
hypothyroidism,endocrinology,
impetigo,dermatology,
jaundice,hepatology,
malaria,infectious-disease,
migraine,neurology,
osteoarthritis,rheumatology,
paralysis-brain-hemorrhage,emergency-medicine,Emergency first; neurology follows
peptic-ulcer-diseae,gastroenterology,
pneumonia,pulmonology,
psoriasis,dermatology,
tuberculosis,infectious-disease,
typhoid,infectious-disease,
urinary-tract-infection,urology,
varicose-veins,vascular-surgery,
vertigo-paroymsal-positional-vertigo,otolaryngology,BPPV is an inner-ear condition; ENT before neurology
