name,level,require_all,message
Possible heart attack,emergency,chest-pain|breathlessness,"Chest pain together with breathlessness can indicate a heart attack. Call emergency services now — do not drive yourself."
Possible heart attack (sweating),emergency,chest-pain|sweating,"Chest pain with sweating can indicate a heart attack. Call emergency services now."
Chest pain,emergency,chest-pain,"Chest pain can be an emergency. Call emergency services now, especially if it is severe, new, or accompanied by breathing difficulty, sweating, nausea, or weakness."
Severe breathing difficulty,emergency,breathlessness,"Severe or sudden breathing difficulty can be an emergency. Call emergency services now."
Possible stroke,emergency,weakness-of-one-body-side|slurred-speech,"Weakness on one side of the body with slurred speech can indicate a stroke. Call emergency services immediately — treatment is time-critical."
Possible stroke (facial),emergency,focal-weakness|slurred-speech,"Sudden focal weakness with slurred speech can indicate a stroke. Call emergency services immediately."
Reduced consciousness,emergency,altered-sensorium|coma,"Reduced or lost consciousness requires emergency assessment now."
Reduced consciousness alone,emergency,altered-sensorium,"Reduced or lost consciousness requires emergency assessment now."
Coma,emergency,coma,"Coma is an emergency. Call emergency services immediately."
Active seizure,emergency,seizures|altered-sensorium,"A seizure with altered consciousness needs emergency assessment."
Seizure,emergency,seizures,"A seizure needs urgent medical assessment, especially if it is a first seizure, lasts more than five minutes, repeats, causes injury, or breathing does not return to normal. Call emergency services now if any of these apply."
Possible meningitis,emergency,stiff-neck|high-fever,"A stiff neck with high fever can indicate meningitis. Seek emergency care immediately."
Vomiting blood,emergency,vomiting-blood,"Vomiting blood indicates internal bleeding and requires emergency care now."
Coughing blood,urgent,hemoptysis,"Coughing up blood needs urgent medical assessment — seek care today."
Blood in stool,urgent,melena,"Black or tarry stools can indicate internal bleeding. Seek urgent medical assessment."
Severe breathing difficulty,urgent,difficulty-breathing|breathing-fast,"Difficulty breathing with rapid breathing needs urgent assessment — seek care today."
Bleeding in pregnancy,urgent,spotting-or-bleeding-during-pregnancy,"Bleeding during pregnancy requires urgent assessment — contact your maternity unit."
Postmenopausal bleeding,urgent,vaginal-bleeding-after-menopause,"Bleeding after menopause always requires investigation. Book an urgent appointment."
